,Cities,Country,Latitude,Longitude,Temperature (F),Humidity (%),Cloudiness (%),Wind Speed (mph)
0,luderitz,na,-26.6481,15.1594,49.44,92.0,0.0,14.45
1,shimoda,jp,34.701,138.9287,68.58,100.0,100.0,2.93
2,new norfolk,au,-42.7802,147.0615,48.42,92.0,64.0,9.64
3,ilulissat,gl,69.2167,-51.1,36.18,92.0,92.0,9.19
5,maldonado,uy,-34.9088,-54.9583,48.7,89.0,68.0,19.15
6,pevek,ru,69.7028,170.2747,45.57,67.0,8.0,8.75
7,rikitea,pf,-23.1203,-134.9692,76.62,100.0,80.0,13.44
8,severo-kurilsk,ru,50.6789,156.125,45.66,92.0,92.0,13.44
9,busselton,au,-33.6445,115.3489,54.66,100.0,12.0,9.53
10,riberalta,bo,-10.9974,-66.0752,78.58,61.0,8.0,3.15
12,kodiak,us,39.9519,-94.7572,81.68,82.0,0.0,4.94
13,longyearbyen,sj,78.2186,15.6401,48.06,90.0,48.0,3.15
14,kattivakkam,in,13.2167,80.3167,85.51,100.0,64.0,9.75
15,butaritari,ki,3.0707,172.7902,84.27,100.0,68.0,4.05
16,yafran,ly,32.0638,12.5277,60.87,61.0,0.0,3.15
18,hobart,au,-42.8826,147.3281,48.42,76.0,88.0,9.31
19,ushuaia,ar,-54.807,-68.3074,25.7,100.0,80.0,2.71
21,san cristobal,ec,-1.0243,-79.4413,62.04,97.0,64.0,2.15
23,port alfred,za,-33.5906,26.891,63.39,91.0,0.0,21.05
26,bredasdorp,za,-34.5331,20.0428,59.09,85.0,76.0,21.5
27,faanui,pf,-16.4834,-151.75,80.85,100.0,0.0,14.0
28,sajanan,tn,37.0573,9.2426,69.67,100.0,92.0,7.96
29,kapaa,us,22.0752,-159.319,84.4,80.0,20.0,11.99
32,sawakin,sd,19.1031,37.3312,88.9,54.0,68.0,5.84
34,atuona,pf,-9.8,-139.0334,80.49,100.0,0.0,18.03
35,krutikha,ru,53.9599,81.2093,61.95,91.0,64.0,2.59
36,yenagoa,ng,4.9247,6.2642,72.75,93.0,64.0,4.16
39,carnarvon,au,-24.8667,113.6333,57.27,100.0,0.0,18.7
40,leh,in,34.1642,77.5848,29.37,97.0,92.0,1.59
41,punta arenas,cl,-53.1627,-70.9081,35.01,100.0,88.0,10.65
42,hilo,us,19.7072,-155.0817,81.36,100.0,68.0,15.68
44,port lincoln,au,-34.7212,135.8592,56.55,100.0,44.0,12.21
45,saint-philippe,re,-21.3586,55.7679,68.72,100.0,88.0,12.1
47,los llanos de aridane,es,28.6585,-17.9183,68.14,100.0,0.0,6.62
48,yellowknife,ca,62.4541,-114.3774,67.01,63.0,36.0,12.21
49,puerto ayora,ec,-0.7394,-90.3518,76.82,94.0,0.0,12.88
56,te anau,nz,-45.4145,167.7175,37.92,95.0,64.0,9.08
57,mar del plata,ar,-46.4276,-67.5191,35.49,78.0,12.0,13.67
58,road town,vg,18.4167,-64.6167,80.02,100.0,88.0,17.81
59,sabzevar,ir,36.2134,57.6809,69.33,35.0,8.0,3.71
64,arraial do cabo,br,-22.9663,-42.0245,70.75,81.0,0.0,17.92
68,nome,us,30.0358,-94.4244,87.6,70.0,0.0,11.43
69,albany,au,-35.0248,117.8836,42.06,92.0,48.0,2.93
70,hinton,ca,53.4047,-117.5703,69.78,38.0,92.0,3.15
72,khakhea,bw,-24.6942,23.5039,43.14,72.0,0.0,2.93
74,hermanus,za,-34.4176,19.2361,54.39,85.0,56.0,6.62
76,fairbanks,us,64.8378,-147.7167,68.04,57.0,44.0,7.29
78,ust-omchug,ru,61.1332,149.6325,69.87,33.0,48.0,3.38
79,deputatskiy,ru,69.3,139.9,68.25,26.0,0.0,5.61
80,manali,in,32.2455,77.1873,29.01,97.0,76.0,0.92
81,ngunguru,nz,-35.6167,174.5,58.71,100.0,0.0,17.25
84,saint george,bm,32.3817,-64.6781,80.1,94.0,44.0,15.79
85,fortuna,us,40.5974,-124.1561,70.93,76.0,0.0,9.98
87,charagua,bo,-19.7918,-63.2005,69.06,67.0,80.0,9.19
88,stornoway,gb,58.2093,-6.3865,51.04,90.0,92.0,14.23
89,hoyanger,no,61.2204,6.0749,49.95,100.0,92.0,1.92
90,cape town,za,-33.929,18.4174,55.98,98.0,88.0,13.44
91,mayo,ca,63.5927,-135.8962,67.44,52.0,24.0,3.49
92,lagoa,pt,37.1363,-8.4541,63.14,84.0,0.0,2.82
93,barrow,us,39.5062,-90.4016,74.61,81.0,44.0,3.71
94,iskateley,ru,67.6803,53.1512,54.39,84.0,12.0,2.48
95,muros,es,42.7744,-9.0576,71.06,89.0,8.0,3.94
98,mayumba,ga,-3.4391,10.6473,72.75,99.0,100.0,5.61
100,san pedro,ar,-33.6759,-59.6629,49.26,62.0,0.0,15.46
103,arlit,ne,18.7391,7.3933,80.4,52.0,32.0,3.6
106,biak,id,-0.9132,122.8766,76.44,100.0,36.0,4.16
107,haines junction,ca,60.7527,-137.5101,56.55,41.0,32.0,2.82
108,tuktoyaktuk,ca,69.444,-133.032,35.92,94.0,92.0,13.56
109,kenai,us,60.5544,-151.2584,56.26,67.0,24.0,6.85
111,narsaq,gl,60.9127,-46.0453,42.04,92.0,88.0,2.82
113,east london,za,-33.0153,27.9116,65.46,100.0,0.0,24.85
114,lebu,cl,-37.6167,-73.6501,49.08,100.0,0.0,22.62
116,khatanga,ru,71.9801,102.4743,51.6,88.0,80.0,12.66
117,ribeira grande,pt,38.5167,-28.7001,70.23,100.0,80.0,2.37
118,pingshan,cn,28.8336,104.351,73.65,100.0,100.0,4.16
119,qaanaaq,gl,77.484,-69.3633,32.61,95.0,44.0,3.04
120,mandapeta,in,16.8667,81.9333,78.96,92.0,48.0,8.41
121,santa cruz,us,36.9742,-122.0298,85.12,50.0,0.0,4.16
124,betong,th,5.7743,101.0723,71.04,98.0,12.0,3.27
127,ilinskiy,ru,55.619,38.1182,71.62,42.0,36.0,13.89
128,flinders,au,-34.581,150.846,46.09,93.0,0.0,4.16
129,vaini,to,-21.2001,-175.2,75.7,100.0,12.0,7.18
131,byron bay,au,-28.65,153.6167,59.27,100.0,0.0,7.74
136,sumbawanga,tz,-7.9524,31.6232,67.08,81.0,68.0,11.43
138,chuy,uy,-33.6938,-53.4562,51.24,88.0,68.0,17.36
141,saskylakh,ru,71.965,114.0939,68.7,100.0,24.0,4.72
142,dikson,ru,73.5069,80.5464,32.16,99.0,88.0,13.0
143,lorengau,pg,-2.0226,147.2712,82.65,100.0,64.0,4.05
144,upernavik,gl,72.7868,-56.1549,30.81,100.0,76.0,6.29
145,geraldton,au,-28.7667,114.6,45.63,100.0,0.0,15.35
147,ghanzi,bw,-21.699,21.6452,43.32,68.0,0.0,3.38
150,hithadhoo,mv,-0.6,73.0833,81.75,100.0,20.0,3.71
152,wau,pg,-7.3389,146.7163,69.87,100.0,92.0,1.92
154,praia da vitoria,pt,38.7333,-27.0667,69.22,100.0,36.0,7.07
155,urdoma,ru,61.7445,48.5491,59.97,100.0,8.0,2.37
157,sibolga,id,1.737,98.7846,67.35,100.0,88.0,1.92
158,hay river,ca,60.8156,-115.7867,75.72,63.0,36.0,3.94
160,victoria,sc,-4.6167,55.45,77.95,100.0,32.0,15.68
161,haverfordwest,gb,51.8023,-4.9652,52.34,97.0,36.0,6.4
164,iqaluit,ca,63.7494,-68.5219,42.13,94.0,80.0,5.73
165,namibe,ao,-15.1902,12.1531,69.69,100.0,0.0,5.95
169,thinadhoo,mv,0.5333,72.9333,82.74,100.0,8.0,4.94
171,zhezkazgan,kz,47.8043,67.7144,63.75,50.0,8.0,9.64
172,barhi,in,24.3051,85.4203,79.48,70.0,32.0,4.16
177,miri,my,4.4148,114.0089,69.8,100.0,92.0,4.38
178,hargeysa,so,9.56,44.065,73.02,39.0,92.0,3.71
181,lazaro cardenas,mx,28.3905,-105.6235,99.91,14.0,0.0,4.61
184,hami,cn,42.8354,93.5128,71.49,42.0,0.0,9.75
186,vostok,ru,46.448,135.8294,50.97,80.0,92.0,3.15
187,sovetskiy,ru,56.763,48.4743,68.43,72.0,36.0,2.93
188,tuatapere,nz,-46.1324,167.6908,43.95,100.0,44.0,19.37
189,provideniya,ru,64.4238,-173.2276,40.44,100.0,88.0,13.0
190,avarua,ck,-21.2078,-159.775,82.85,100.0,56.0,2.93
191,bethel,us,60.7922,-161.7559,58.46,65.0,48.0,3.6
194,nosy varika,mg,-20.5834,48.5333,68.52,100.0,100.0,1.7
196,halifax,ca,44.6491,-63.5752,58.35,91.0,68.0,4.38
199,bundaberg,au,-24.8654,152.3517,64.2,100.0,20.0,13.78
200,bonthe,sl,7.5273,-12.502,73.38,100.0,92.0,5.73
201,bilma,ne,18.6929,12.9187,85.35,32.0,68.0,1.7
204,gushikawa,jp,26.3544,127.8686,83.01,91.0,44.0,14.45
205,imbituba,br,-28.24,-48.6703,66.9,79.0,32.0,11.54
206,coos bay,us,43.3665,-124.2179,66.02,63.0,0.0,8.97
210,port hardy,ca,50.6996,-127.4199,64.63,78.0,0.0,2.71
214,nemuro,jp,43.3236,145.575,55.65,88.0,80.0,18.48
217,sitka,us,37.175,-99.6516,83.73,61.0,0.0,12.77
219,chitrakonda,in,18.1167,82.0833,70.95,98.0,100.0,2.48
220,zonguldak,tr,41.25,31.8333,64.92,100.0,92.0,3.6
221,jamestown,sh,-15.9388,-5.7168,71.22,100.0,0.0,20.83
223,chaohu,cn,31.6275,117.8842,74.3,91.0,92.0,7.18
224,talnakh,ru,69.494,88.3908,59.07,69.0,0.0,4.61
225,arvika,se,59.6544,12.5916,51.66,75.0,0.0,5.06
227,constitucion,mx,23.9912,-104.675,64.92,91.0,36.0,7.63
232,otradnoye,ru,59.7727,30.802,52.36,73.0,92.0,1.92
235,magadan,ru,59.5605,150.7989,60.71,77.0,0.0,3.38
236,changji,cn,32.0671,116.1675,75.99,90.0,76.0,5.39
237,noumea,nc,-22.2764,166.4572,67.5,93.0,68.0,6.96
239,muswellbrook,au,-32.2653,150.8887,46.2,80.0,0.0,3.6
247,myitkyina,mm,25.3833,97.4,72.84,100.0,92.0,2.59
248,huanren,cn,41.2647,125.3667,73.47,85.0,0.0,2.93
251,ketchikan,us,55.3422,-131.6462,57.07,83.0,76.0,6.17
253,tiksi,ru,71.6366,128.8685,74.28,51.0,8.0,4.27
256,zapolyarnyy,ru,69.4262,30.8199,49.46,96.0,92.0,5.61
257,tautira,pf,-17.7334,-149.15,81.41,100.0,36.0,10.42
259,bluff,nz,-46.6,168.3333,47.55,100.0,48.0,27.54
262,port-gentil,ga,-0.7194,8.7815,76.01,100.0,64.0,7.74
266,casambalangan,ph,18.3765,122.1274,82.92,100.0,76.0,6.73
268,mazyr,by,52.0476,29.2666,51.24,100.0,92.0,14.67
270,palazzolo acreide,it,37.0619,14.9039,65.35,84.0,12.0,2.59
272,bandarbeyla,so,9.4942,50.8122,77.52,79.0,36.0,31.12
275,labytnangi,ru,66.6596,66.3862,55.29,71.0,0.0,14.0
276,banda aceh,id,5.5577,95.3222,75.54,97.0,76.0,2.48
277,atambua,id,-9.1066,124.892,77.07,97.0,0.0,13.56
280,zima,ru,53.9284,102.0527,65.01,73.0,12.0,3.6
282,birao,cf,10.2962,22.781,71.04,96.0,68.0,3.38
283,pacific grove,us,36.6174,-121.9156,72.57,75.0,0.0,4.94
284,daru,pg,-9.07,143.21,79.59,88.0,44.0,20.27
287,chokurdakh,ru,70.6192,147.9022,47.73,85.0,0.0,8.75
289,katsuura,jp,33.9258,134.505,70.34,90.0,24.0,3.94
291,sao francisco,br,-25.6523,-53.85,64.85,71.0,0.0,3.6
292,kingman,us,35.1894,-114.0531,102.42,18.0,0.0,11.99
295,montepuez,mz,-13.1254,39.0017,61.5,95.0,0.0,7.63
299,cabedelo,br,-6.9733,-34.8352,74.19,92.0,100.0,15.35
300,general pico,ar,-35.6636,-63.7543,36.66,31.0,0.0,9.31
301,mwandiga,tz,-4.8362,29.6604,72.3,100.0,0.0,8.08
309,norfolk,us,36.8463,-76.293,82.36,97.0,8.0,6.62
310,kavieng,pg,-2.5745,150.7967,83.28,100.0,56.0,2.37
311,dawlatabad,af,36.4141,64.9053,68.07,62.0,56.0,3.15
316,cidreira,br,-30.1658,-50.2184,69.33,66.0,80.0,8.41
317,tasiilaq,gl,65.6145,-37.6368,38.37,95.0,92.0,4.94
318,necochea,ar,-38.5473,-58.7368,43.59,95.0,92.0,20.6
320,coihaique,cl,-45.5753,-72.0662,35.06,65.0,36.0,7.74
321,port elizabeth,za,-33.918,25.5701,65.19,97.0,12.0,34.36
322,ahipara,nz,-35.1665,173.1562,58.62,86.0,20.0,15.12
323,bhandara,in,21.165,79.6533,78.53,83.0,20.0,8.97
325,benjamin constant,br,-4.3814,-70.033,73.17,82.0,36.0,4.16
334,georgetown,sh,-7.9334,-14.4167,77.43,100.0,76.0,21.27
337,port macquarie,au,-31.43,152.9104,54.3,94.0,0.0,7.18
338,quatre cocos,mu,-20.2078,57.7625,70.38,82.0,0.0,9.64
339,pavilosta,lv,56.8879,21.1859,48.83,96.0,0.0,11.21
341,taltal,cl,-25.408,-70.4859,51.51,95.0,44.0,1.03
347,grindavik,is,63.8424,-22.4338,47.37,100.0,92.0,12.44
350,rumonge,bi,-3.9746,29.4393,68.07,100.0,0.0,4.94
352,creel,mx,27.753,-107.6344,68.07,65.0,32.0,2.93
353,clyde river,ca,70.4692,-68.5915,36.84,94.0,12.0,1.7
355,half moon bay,us,37.4636,-122.4286,84.04,74.0,0.0,8.3
359,aranos,na,-24.1389,19.1149,43.5,51.0,0.0,4.72
360,caravelas,br,-17.7297,-39.2661,74.73,100.0,56.0,11.77
362,itarema,br,-2.9248,-39.9167,79.86,72.0,0.0,14.79
363,hovd,mn,48.0056,91.6419,61.14,50.0,0.0,6.62
365,tucano,br,-10.9636,-38.786,70.95,67.0,0.0,10.65
367,yar-sale,ru,66.8333,70.8333,49.17,71.0,0.0,17.69
368,soubre,ci,5.7856,-6.6084,71.94,97.0,32.0,4.94
369,saldanha,za,-33.0117,17.9442,51.58,92.0,36.0,3.71
372,ponta do sol,cv,17.1994,-25.092,72.21,100.0,20.0,15.46
373,shieli,kz,44.176,66.741,68.52,36.0,44.0,5.28
375,ramshir,ir,30.894,49.4093,82.22,46.0,0.0,10.2
379,thompson,ca,55.7433,-97.8635,72.12,38.0,0.0,8.08
385,margate,za,-30.8636,30.3705,65.82,66.0,0.0,11.43
386,warrnambool,au,-38.3827,142.4814,53.22,98.0,80.0,7.52
387,tessalit,ml,20.2009,1.014,80.13,20.0,12.0,2.82
390,kaitangata,nz,-46.2818,169.8464,43.95,92.0,64.0,13.11
392,havoysund,no,70.9963,24.6622,42.62,100.0,92.0,17.47
395,kununurra,au,-15.7731,128.7388,69.94,26.0,0.0,11.43
396,hebi,cn,35.748,114.2916,78.6,64.0,36.0,5.17
398,iwaki,jp,37.0505,140.8878,68.04,81.0,68.0,2.82
400,hamilton,bm,32.2956,-64.7828,80.1,94.0,44.0,15.79
401,dingle,ie,52.1408,-10.2689,53.94,100.0,0.0,5.61
405,ola,ru,59.5781,151.2991,63.99,74.0,0.0,3.15
406,chishtian mandi,pk,29.8,72.8667,80.13,75.0,36.0,2.59
407,cherskiy,ru,68.75,161.3,57.27,51.0,92.0,2.82
409,sao filipe,cv,14.8961,-24.4956,73.29,100.0,8.0,12.1
410,kaspiysk,ru,42.8816,47.6392,59.54,76.0,0.0,2.26
411,sambava,mg,-14.2667,50.1667,73.74,100.0,92.0,18.81
412,roald,no,62.5838,6.1242,50.05,97.0,76.0,9.42
413,xai-xai,mz,-25.0445,33.6407,66.9,100.0,0.0,5.61
414,nizwa,om,22.9324,57.5311,76.62,29.0,20.0,3.83
415,bambanglipuro,id,-7.95,110.2833,73.65,97.0,88.0,6.06
416,werda,bw,-25.2702,23.277,41.79,72.0,0.0,2.82
421,corowa,au,-35.9996,146.3906,38.48,100.0,48.0,4.27
423,palmer,us,61.5996,-149.1111,57.09,72.0,80.0,2.82
427,padang,id,-0.9248,100.3633,82.92,100.0,80.0,4.38
428,coquimbo,cl,-29.9532,-71.3381,50.88,100.0,48.0,4.72
431,bubaque,gw,11.2833,-15.8334,79.56,100.0,56.0,11.43
436,mitchell,us,43.7095,-98.0254,78.75,65.0,32.0,9.19
437,pandan,ph,11.7199,122.0946,79.68,100.0,56.0,8.41
439,huilong,cn,31.1549,106.4976,80.67,84.0,92.0,4.27
441,souillac,mu,-20.5167,57.5167,70.38,82.0,0.0,9.64
442,kumphawapi,th,17.1093,103.0145,72.48,100.0,92.0,4.38
446,labuhan,id,-2.5409,115.5092,76.98,87.0,20.0,2.93
449,verkhovazhye,ru,60.7452,42.0473,59.79,59.0,48.0,5.61
456,tura,ru,64.2742,100.217,66.45,77.0,0.0,2.59
458,bria,cf,6.5429,21.9871,65.1,93.0,56.0,2.93
462,taksimo,ru,56.3555,114.838,54.39,97.0,92.0,2.93
464,hofn,is,64.2539,-15.2082,49.62,97.0,76.0,8.75
467,dicabisagan,ph,17.0818,122.4157,80.67,100.0,76.0,3.71
469,burnie,au,-41.0524,145.9064,53.04,100.0,44.0,19.82
470,acapulco,mx,16.8603,-99.8769,81.77,81.0,92.0,4.61
473,bud,no,62.9088,6.9145,50.02,100.0,92.0,13.0
474,shingu,jp,33.7241,135.993,71.4,100.0,80.0,2.26
475,touros,br,-5.1989,-35.4609,76.26,88.0,88.0,14.45
476,atar,mr,20.5183,-13.0544,81.75,29.0,0.0,6.62
479,kurumkan,ru,54.3263,110.3233,52.23,96.0,88.0,2.26
480,muslyumovo,ru,55.3059,53.1941,58.8,74.0,0.0,6.85
484,cottonwood,us,34.7392,-112.0099,87.06,18.0,0.0,10.42
485,esperance,au,-33.8583,121.8932,42.6,91.0,0.0,4.38
487,miles city,us,46.4085,-105.841,74.62,55.0,8.0,13.67
488,inyonga,tz,-6.7242,32.0566,64.65,57.0,76.0,4.83
490,wanning,cn,18.8003,110.3967,83.55,100.0,44.0,12.66
498,paragominas,br,-2.9957,-47.3549,77.97,80.0,48.0,6.51
499,san patricio,mx,19.223,-104.6989,86.36,54.0,8.0,6.4
505,cap malheureux,mu,-19.9842,57.6142,72.03,100.0,0.0,14.45
506,lethbridge,ca,49.6943,-112.8516,64.92,100.0,76.0,10.65
511,surt,ly,31.2089,16.5887,71.04,100.0,0.0,7.96
514,kpandu,gh,6.9964,0.2945,75.45,86.0,88.0,7.4
520,demmin,de,53.907,13.0328,56.57,72.0,80.0,10.87
521,inhambane,mz,-23.866,35.3844,64.92,100.0,0.0,6.4
522,farah,af,32.3741,62.1146,69.42,22.0,0.0,3.94
524,alta floresta,br,-9.8716,-56.084,77.9,44.0,0.0,3.71
531,ust-kuyga,ru,70.0018,135.5498,70.5,46.0,12.0,4.38
538,alvinopolis,br,-20.1067,-43.0489,58.17,89.0,0.0,3.71
539,klaksvik,fo,62.2266,-6.5891,49.6,96.0,100.0,21.94
540,kalulushi,zm,-12.8412,28.0948,53.94,65.0,0.0,7.07
541,bayan,kw,29.2975,48.0478,86.95,60.0,0.0,14.67
553,hare bay,ca,48.8649,-53.9932,62.8,58.0,44.0,20.49
557,voh,nc,-20.95,164.6872,71.49,100.0,0.0,14.0
558,flin flon,ca,54.7698,-101.879,70.36,71.0,8.0,7.4
559,tshikapa,cd,-6.4231,20.7888,68.34,93.0,20.0,2.15
562,mehamn,no,71.035,27.8517,44.13,93.0,92.0,15.12
564,rudnaya pristan,ru,44.3631,135.8198,59.88,56.0,24.0,5.61
565,rio grande,br,-32.0335,-52.0992,50.0,99.0,92.0,15.01
568,huron,us,44.3631,-98.2144,64.94,91.0,48.0,4.05
569,luanda,ao,-8.8272,13.2437,69.24,100.0,56.0,5.17
570,vista hermosa,co,8.3658,-73.287,75.27,68.0,24.0,2.93
573,songjianghe,cn,42.1782,127.481,68.97,83.0,8.0,3.38
576,dunedin,nz,-45.874,170.5035,46.83,78.0,24.0,7.74
577,norman wells,ca,65.2824,-126.8328,62.89,99.0,92.0,11.1
579,cabot,us,34.9745,-92.0166,88.7,88.0,36.0,5.39
582,khorixas,na,-20.3739,14.9604,47.64,68.0,0.0,2.71
586,sarangani,ph,5.4033,125.4636,82.74,100.0,12.0,5.28
587,sabha,jo,32.3297,36.501,63.7,73.0,0.0,7.85
594,jalu,ly,29.0331,21.5482,81.66,37.0,0.0,5.95
595,cabo san lucas,mx,22.8938,-109.9112,76.75,100.0,0.0,9.53
596,barao de melgaco,br,-16.1945,-55.9675,72.0,68.0,12.0,2.48
597,lisakovsk,kz,52.5459,62.4892,64.56,56.0,0.0,9.64
598,guerrero negro,mx,27.971,-114.0364,76.89,56.0,0.0,8.63
600,davila,ph,18.4726,120.5763,78.91,100.0,12.0,4.94
601,boromo,bf,11.7448,-2.9301,76.35,86.0,76.0,7.85
602,the valley,ai,18.217,-63.0579,81.12,95.0,64.0,20.27
606,pitimbu,br,-7.4729,-34.8113,74.19,92.0,100.0,15.35
608,chabahar,ir,25.2933,60.6471,86.7,100.0,12.0,10.65
609,christchurch,nz,-43.531,172.6366,47.1,82.0,44.0,15.23
610,sechura,pe,-5.5576,-80.8224,69.87,81.0,0.0,11.54
611,paamiut,gl,61.994,-49.6678,38.1,100.0,68.0,5.17
613,scarborough,tt,11.1833,-60.7334,82.35,100.0,92.0,21.5
614,namatanai,pg,-3.6642,152.4407,82.29,100.0,64.0,5.73
617,abha,sa,18.2164,42.5044,63.7,29.0,0.0,2.59
619,harper,lr,4.377,-7.7141,79.14,100.0,68.0,8.63
620,kargat,ru,55.193,80.2828,61.5,74.0,8.0,2.93
621,villa literno,it,41.0099,14.0805,69.19,96.0,0.0,20.27
623,hervey bay,au,-25.2986,152.8535,63.48,100.0,56.0,9.19
624,meulaboh,id,4.1363,96.1285,78.15,100.0,56.0,4.27
627,mahebourg,mu,-20.4081,57.7,69.8,82.0,0.0,9.64
628,bam,ir,29.106,58.3566,68.52,34.0,0.0,3.94
629,tlalnepantla,mx,19.537,-99.1956,61.2,100.0,80.0,3.04
634,roma,au,-26.5674,148.7875,56.82,73.0,8.0,4.61
637,nybro,se,56.7452,15.9062,51.35,79.0,12.0,2.15
646,maragogi,br,-9.0119,-35.2226,75.45,86.0,92.0,11.54
648,la plata,ar,-34.9207,-57.9538,44.28,75.0,0.0,19.04
649,octeville,fr,49.6255,-1.6449,54.93,96.0,20.0,6.4
650,susanville,us,40.4163,-120.6531,86.63,14.0,0.0,2.93
656,sidrolandia,br,-20.932,-54.9614,65.08,72.0,0.0,4.94
658,yarada,in,17.65,83.2667,80.94,100.0,80.0,17.36
663,marsa matruh,eg,31.3525,27.2453,71.15,89.0,0.0,5.5
664,mpulungu,zm,-8.7662,31.1196,68.25,44.0,92.0,9.19
667,bambous virieux,mu,-20.3428,57.7575,70.38,82.0,0.0,9.64
670,riorges,fr,46.0407,4.033,53.46,55.0,0.0,7.18
673,rawlins,us,41.7911,-107.2387,60.35,30.0,100.0,17.58
679,kouango,cf,4.9941,19.9767,70.14,98.0,44.0,2.71
683,tommot,ru,58.9685,126.2669,62.85,81.0,36.0,3.38
687,ancud,cl,-41.8682,-73.8288,32.25,86.0,0.0,2.37
688,amazar,ru,53.8602,120.8781,64.47,66.0,44.0,4.38
689,qaqortoq,gl,60.7167,-46.0334,43.81,100.0,80.0,4.61
692,fare,pf,-16.7001,-151.0167,80.58,99.0,0.0,12.55
694,castro,cl,-42.4824,-73.7644,32.07,100.0,8.0,1.36
696,antalaha,mg,-14.902,50.2794,69.96,98.0,80.0,10.98
702,pisco,pe,-13.71,-76.203,59.32,94.0,0.0,4.38
703,kon tum,vn,14.3615,108.0039,69.87,96.0,88.0,3.38
705,junin,ar,-34.5839,-60.9434,39.72,62.0,0.0,14.34
706,kloulklubed,pw,7.0419,134.2556,80.04,100.0,0.0,3.83
715,khash,ir,28.2204,61.2137,66.9,24.0,0.0,3.27
719,vanimo,pg,-2.6741,141.3028,79.77,100.0,80.0,7.96
723,torbay,ca,47.6577,-52.727,56.73,60.0,48.0,18.48
724,salalah,om,17.0149,54.0957,79.75,100.0,92.0,5.95
726,honiara,sb,-9.4313,159.9553,79.2,90.0,76.0,3.83
731,greytown,za,-29.0606,30.5889,38.1,47.0,0.0,2.71
732,saurimo,ao,-9.659,20.3981,58.26,45.0,0.0,5.73
735,alice springs,au,-23.6984,133.8813,47.75,54.0,0.0,4.72
746,nikolskoye,ru,59.7035,30.7861,52.36,73.0,92.0,1.92
750,grand gaube,mu,-20.0064,57.6608,72.7,100.0,0.0,14.45
751,san joaquin,bo,-16.3829,-58.3948,74.19,64.0,0.0,8.52
752,carbonear,ca,47.7331,-53.2367,56.7,72.0,48.0,23.06
757,marsh harbour,bs,26.5383,-77.0611,83.73,99.0,0.0,9.64
758,sulangan,ph,11.1373,123.7228,82.38,100.0,64.0,4.72
759,marawi,sd,18.4833,31.8167,81.93,56.0,0.0,3.38
760,macusani,pe,-14.0685,-70.4314,48.63,100.0,56.0,0.81
761,loreto,mx,22.271,-101.9905,65.46,94.0,36.0,3.71
762,ahuimanu,us,21.4447,-157.8378,85.69,59.0,8.0,13.78
773,ito,jp,34.9267,139.0877,70.02,100.0,100.0,2.93
774,qeshm,ir,26.9581,56.2719,86.23,99.0,8.0,13.67
776,popondetta,pg,-8.7668,148.2375,74.01,77.0,36.0,2.37
777,koungheul,sn,13.9796,-14.8036,81.03,64.0,0.0,11.54
779,kahului,us,20.8894,-156.4728,83.68,69.0,8.0,15.79
780,batangafo,cf,7.304,18.2911,70.5,91.0,44.0,2.71
782,liverpool,ca,44.0374,-64.7138,54.93,91.0,80.0,6.96
785,mount gambier,au,-37.8302,140.7843,46.38,92.0,92.0,2.37
787,constanza,do,18.9062,-70.7447,68.88,76.0,32.0,3.38
788,leningradskiy,ru,69.3833,178.4167,33.6,92.0,36.0,14.12
795,vestmannaeyjar,is,63.4427,-20.2734,48.54,100.0,92.0,8.63
796,waingapu,id,-9.6522,120.2637,75.9,74.0,0.0,10.98
798,turmalina,br,-17.2861,-42.7315,68.79,71.0,8.0,10.42
799,puerto leguizamo,co,-0.1934,-74.7819,73.38,95.0,80.0,2.37
802,szentlorinc,hu,46.0402,17.9872,57.0,64.0,56.0,4.61
804,tsogni,ga,-2.7942,10.0988,74.01,100.0,88.0,8.63
805,yebaishou,cn,41.3975,119.6408,81.75,58.0,8.0,5.17
806,hasaki,jp,35.7333,140.8333,65.71,100.0,76.0,4.61
808,pont-a-mousson,fr,48.9079,6.0589,52.66,78.0,76.0,2.93
810,bend,us,44.0582,-121.3154,77.63,21.0,0.0,6.73
811,mapiri,bo,-15.3095,-68.215,48.09,95.0,44.0,1.7
816,gizo,sb,-8.1031,156.8419,80.67,100.0,64.0,17.92
817,teluknaga,id,-6.0989,106.6381,78.84,100.0,36.0,2.71
821,rathdrum,us,47.8119,-116.8972,73.29,52.0,44.0,3.15
822,xiaolingwei,cn,32.0333,118.85,75.31,91.0,48.0,9.31
825,hohhot,cn,40.8106,111.6522,78.82,57.0,92.0,4.16
828,yulin,cn,38.2951,109.7476,71.49,66.0,20.0,4.61
831,delvine,al,39.9511,20.0978,66.36,94.0,92.0,1.92
833,yeppoon,au,-23.1349,150.7437,70.09,64.0,0.0,8.75
834,alofi,nu,-19.0596,-169.9187,77.74,100.0,76.0,17.92
835,axim,gh,4.8654,-2.2422,77.97,98.0,92.0,8.97
837,kaeo,nz,-35.1018,173.7751,57.72,83.0,20.0,11.77
838,southaven,us,34.989,-90.0126,86.04,91.0,32.0,8.63
842,nizhniy odes,ru,63.6445,54.856,57.54,90.0,24.0,2.26
844,gamba,ga,-2.7243,10.02,74.01,100.0,88.0,8.63
848,manzanillo,mx,19.0506,-104.316,86.36,54.0,8.0,6.4
850,henties bay,na,-22.1161,14.2845,54.3,100.0,0.0,5.06
864,boa vista,br,2.8213,-60.6724,78.57,81.0,32.0,5.61
868,arona,es,28.0996,-16.6811,63.12,97.0,0.0,6.06
870,whitehorse,ca,60.7216,-135.055,64.08,35.0,80.0,3.27
881,oktyabrskoye,ru,56.7292,85.4429,62.49,97.0,92.0,1.81
886,nalut,ly,31.8642,10.983,73.02,39.0,0.0,3.83
890,athens,us,33.9551,-83.3882,81.88,61.0,0.0,5.39
894,opuwo,na,-18.0559,13.8371,44.94,61.0,0.0,2.82
896,turayf,sa,31.6775,38.6531,66.42,39.0,0.0,8.97
897,culebra,us,34.6826,-105.7684,90.55,10.0,0.0,14.0
898,berberati,cf,4.2612,15.7922,66.99,99.0,56.0,2.59
900,berja,es,36.8452,-2.9471,78.03,79.0,68.0,10.2
902,martapura,id,-3.4055,114.8478,77.95,100.0,8.0,7.18
908,wilmington island,us,32.0035,-80.9738,85.01,97.0,48.0,14.0
911,cleveland,us,41.5052,-81.6935,74.43,94.0,92.0,6.29
912,mackay,au,-21.15,149.2,58.3,100.0,76.0,18.59
914,nanortalik,gl,60.1432,-45.2372,35.58,100.0,64.0,1.59
917,linjiang,cn,41.8092,126.9128,68.97,83.0,8.0,3.38
919,ostrovnoy,ru,68.0544,39.5129,53.67,67.0,0.0,16.13
922,hailar,cn,49.2,119.7,65.82,68.0,92.0,16.69
923,tiarei,pf,-17.5334,-149.3334,81.77,100.0,64.0,11.43
933,port blair,in,11.6667,92.75,82.29,100.0,88.0,18.03
939,mareeba,au,-16.9916,145.4227,71.74,87.0,80.0,11.65
944,tecoanapa,mx,16.9875,-99.2589,80.78,95.0,76.0,3.71
945,innisfail,au,-17.5224,146.031,63.75,98.0,92.0,5.73
949,olinda,br,-22.8173,-43.4117,67.03,82.0,0.0,2.59
953,presidencia roque saenz pena,ar,-26.7853,-60.4388,64.11,97.0,92.0,20.83
955,urzhum,ru,57.1101,50.0003,66.54,66.0,20.0,4.38
957,juneau,us,58.3019,-134.4198,59.32,78.0,64.0,2.37
962,keighley,gb,53.8684,-1.9021,45.72,73.0,64.0,4.05
964,taybad,ir,34.7402,60.7755,71.04,37.0,0.0,8.41
969,batagay-alyta,ru,67.8006,130.4114,73.2,39.0,0.0,4.16
972,santa maria,cv,16.6,-22.9,71.01,97.0,32.0,13.78
975,sernur,ru,56.9348,49.1469,73.02,56.0,88.0,4.5
976,cockburn town,bs,24.0333,-74.5167,82.65,96.0,36.0,12.66
977,ewa beach,us,21.3156,-158.0089,85.66,59.0,8.0,13.78
982,lavrentiya,ru,65.5842,-170.989,39.0,94.0,76.0,10.54
986,nantucket,us,41.2835,-70.0995,65.01,86.0,92.0,14.67
989,nimaparha,in,20.0667,86.0167,82.67,99.0,92.0,19.48
990,chapais,ca,49.7839,-74.8569,58.53,38.0,44.0,8.97
996,uvalde,us,29.2097,-99.7862,99.77,32.0,0.0,16.24
997,malanje,ao,-9.5439,16.3475,54.3,70.0,0.0,3.71
1001,vila franca do campo,pt,37.7167,-25.4334,67.15,100.0,0.0,10.54
1008,karpathos,gr,35.507,27.2132,75.25,96.0,0.0,17.02
1011,araouane,ml,18.9041,-3.5276,84.0,22.0,24.0,3.83
1016,chimoio,mz,-19.111,33.4767,55.72,86.0,8.0,2.59
1020,kushiro,jp,43.1128,144.1501,67.33,69.0,0.0,6.96
1021,lompoc,us,34.6392,-120.458,69.55,78.0,0.0,4.61
1026,poso,id,-1.4012,120.7496,78.42,100.0,8.0,4.72
1030,palu,id,-0.8958,119.868,68.34,91.0,24.0,1.7
1036,cayenne,gf,4.9371,-52.3259,76.68,91.0,32.0,4.5
1039,corn island,ni,12.1694,-83.0418,82.2,100.0,88.0,17.47
1041,arrecife,es,28.963,-13.5477,67.5,100.0,32.0,10.2
1043,komsomolskiy,ru,67.5537,63.776,49.44,79.0,0.0,10.65
1044,galveston,us,40.5789,-86.1903,71.44,90.0,20.0,4.05
1045,sampit,id,-2.539,112.9494,76.62,90.0,12.0,5.84
1050,sainte-suzanne,re,-20.9062,55.6089,68.31,100.0,80.0,9.64
1053,terney,ru,45.0504,136.6137,52.86,85.0,20.0,3.27
1061,ginir,et,7.1363,40.7112,59.97,85.0,64.0,5.84
1063,iracoubo,gf,5.4794,-53.2058,78.42,79.0,44.0,4.72
1064,san jeronimo,mx,29.3707,-110.79,99.09,25.0,0.0,12.88
1065,diamantino,br,-14.4037,-56.4365,68.79,76.0,0.0,2.37
1067,jiangyou,cn,31.7777,104.7344,70.32,100.0,92.0,4.05
1078,sorland,no,67.667,12.6934,47.1,100.0,0.0,16.58
1079,teguldet,ru,57.3064,88.1672,70.5,64.0,8.0,3.71
1080,muscat,om,23.5998,58.5451,91.49,74.0,24.0,2.93
1095,kavaratti,in,10.5669,72.642,80.67,100.0,64.0,20.6
1101,kruisfontein,za,-34.0034,24.7314,62.49,84.0,36.0,26.53
1111,naze,jp,28.3667,129.4833,83.21,93.0,48.0,17.36
1115,torrington,us,42.0625,-104.1844,73.45,56.0,92.0,5.73
1116,high prairie,ca,55.4325,-116.4837,73.83,58.0,12.0,5.95
1117,dondo,mz,-19.6165,34.7435,64.65,81.0,0.0,2.82
1119,kayankulam,in,9.1833,76.5,77.07,100.0,92.0,10.98
1132,malatya,tr,38.3483,38.3179,62.78,91.0,0.0,2.48
1142,bodden town,ky,19.2833,-81.25,85.59,94.0,0.0,13.89
1152,parrita,cr,9.5205,-84.3269,76.42,100.0,76.0,0.81
1153,grand-bourg,gp,15.8835,-61.3149,81.01,100.0,80.0,22.28
1154,kieta,pg,-6.2167,155.6333,74.19,100.0,92.0,2.71
1155,senneterre,ca,48.3905,-77.2429,75.31,35.0,92.0,3.38
1157,waipawa,nz,-39.9412,176.5913,54.75,72.0,44.0,15.9
1158,pangnirtung,ca,66.149,-65.7179,32.07,96.0,44.0,2.15
1161,karratha,au,-20.7371,116.8479,56.55,34.0,0.0,17.69
1162,bathsheba,bb,13.2167,-59.5167,81.36,100.0,92.0,21.83
1163,carbonia,it,39.1653,8.5278,72.1,95.0,0.0,4.16
1167,cuamba,mz,-14.798,36.5399,57.09,97.0,20.0,5.95
1168,nemyriv,ua,50.1041,23.4361,45.55,91.0,8.0,10.2
1172,maymyo,mm,22.0333,96.4667,70.14,98.0,100.0,3.94
1174,la romana,do,18.4273,-68.9735,74.79,81.0,76.0,4.94
1175,chumikan,ru,54.7183,135.315,50.16,85.0,0.0,4.16
1180,agua prieta,mx,31.3246,-109.5492,95.36,20.0,0.0,12.77
1185,izazi,tz,-7.2414,35.7219,54.12,91.0,0.0,2.59
1187,havre,us,48.55,-109.6841,72.9,79.0,88.0,10.09
1189,boden,se,65.827,21.693,48.33,73.0,24.0,4.61
1195,west bay,ky,19.3667,-81.4167,85.51,94.0,0.0,14.9
1197,lodwar,ke,3.1166,35.6,67.44,90.0,8.0,2.93
1198,caohai,cn,26.8661,104.2841,61.5,98.0,88.0,3.6
1210,bilibino,ru,68.055,166.4449,62.4,84.0,48.0,1.14
1218,svetlogorsk,ru,53.1375,59.1545,55.8,77.0,48.0,9.98
1219,chatra,in,24.2057,84.8708,80.87,85.0,0.0,3.49
1221,sayyan,ye,15.1718,44.3244,59.16,34.0,0.0,5.06
1224,mandapam,in,9.2833,79.1167,82.65,99.0,24.0,22.62
1225,hobyo,so,5.3505,48.5268,76.62,77.0,64.0,21.94
1243,sungairaya,id,0.7,108.9,72.39,100.0,92.0,1.81
1244,vallenar,cl,-28.5751,-70.7617,46.56,94.0,12.0,1.36
1245,kaya,bf,13.0856,-1.084,81.57,64.0,8.0,9.86
1247,chipinge,zw,-20.189,32.6194,46.92,87.0,0.0,2.59
1252,vao,nc,-22.6667,167.4833,70.77,100.0,64.0,8.75
1256,esfahan,ir,32.6572,51.6776,71.15,24.0,0.0,6.17
1265,kutum,sd,14.2031,24.6617,69.15,70.0,76.0,9.42
1270,monrovia,lr,6.328,-10.7978,76.23,97.0,100.0,4.38
1287,matamba,tz,-8.972,33.9565,50.61,86.0,0.0,4.16
1288,oranjestad,aw,12.524,-70.0271,83.08,95.0,0.0,27.31
1290,chicama,pe,-7.8435,-79.1452,61.99,88.0,20.0,4.38
1294,yining,cn,29.0361,114.5636,76.89,94.0,92.0,3.15
1299,goundam,ml,16.4169,-3.6637,84.0,57.0,24.0,12.88
1304,matata,nz,-37.8897,176.7565,56.82,100.0,0.0,14.34
1307,dalvik,is,65.9702,-18.5287,56.7,99.0,88.0,1.81
1311,pilar,py,-26.8626,-58.3023,71.4,78.0,80.0,7.74
1325,vikhorevka,ru,56.1247,101.172,72.19,58.0,0.0,3.38
1326,schruns,at,47.0802,9.9197,44.53,87.0,0.0,1.03
1331,zarya,ru,45.6703,39.642,67.35,95.0,44.0,6.62
1337,telde,es,27.9924,-15.4192,68.59,100.0,68.0,8.52
1338,sao jose da coroa grande,br,-8.8978,-35.1478,75.45,86.0,92.0,11.54
1342,manhuacu,br,-20.2581,-42.0337,56.28,91.0,0.0,4.38
1345,dharur,in,18.8205,76.1138,70.95,94.0,36.0,9.31
1357,abonnema,ng,4.7084,6.7931,71.26,98.0,76.0,2.93
1362,camacha,pt,33.0833,-16.3334,68.02,100.0,0.0,5.61
1364,portland,au,-33.3484,149.9844,42.78,69.0,0.0,1.25
1365,batticaloa,lk,7.7102,81.6924,77.7,100.0,24.0,5.39
1370,palmares do sul,br,-30.2581,-50.5099,64.89,66.0,80.0,8.41
1373,srednekolymsk,ru,67.4555,153.7071,62.49,58.0,8.0,4.72
1374,yanam,in,16.7333,82.2167,78.96,92.0,48.0,8.41
1376,lumut,my,4.2323,100.6298,73.11,100.0,8.0,3.71
1377,orapa,bw,-21.2834,25.3667,48.99,74.0,0.0,7.4
1380,mariestad,se,58.7093,13.8229,55.49,91.0,0.0,9.86
1392,brownsville,us,25.914,-97.4891,89.94,77.0,0.0,19.93
1395,samarai,pg,-10.6167,150.6667,76.8,100.0,64.0,16.69
1396,logumkloster,dk,55.0594,8.9551,53.56,85.0,92.0,17.25
1403,madarounfa,ne,13.3032,7.1615,70.95,95.0,12.0,2.93
1405,caucaia,br,-3.7301,-38.6594,81.1,96.0,0.0,20.49
1409,port hawkesbury,ca,45.6181,-61.3575,55.99,74.0,76.0,9.53
1410,sombrio,br,-29.108,-49.6328,70.5,63.0,8.0,6.4
1414,ambilobe,mg,-13.1945,49.05,69.33,85.0,68.0,3.94
1417,zhigansk,ru,66.7656,123.3741,72.66,42.0,76.0,2.93
1421,lakes entrance,au,-37.8795,147.9944,51.33,93.0,92.0,11.99
1422,leshukonskoye,ru,64.8989,45.7622,53.94,72.0,8.0,3.6
1423,butembo,cd,0.125,29.292,56.55,97.0,12.0,1.48
1427,carutapera,br,-1.2017,-46.0206,81.39,79.0,80.0,10.76
1429,greenville,us,34.8514,-82.3985,79.02,46.0,12.0,8.86
1430,alegrete,br,-29.7902,-55.7949,57.09,98.0,92.0,17.47
1434,boca do acre,br,-8.7554,-67.3931,72.43,72.0,8.0,2.37
1436,launceston,au,-41.4341,147.1373,45.46,85.0,76.0,6.73
1438,baruun-urt,mn,46.6808,113.2846,74.46,59.0,68.0,17.13
1444,dudinka,ru,69.4061,86.1751,69.42,94.0,0.0,7.18
1456,bydgoszcz,pl,53.122,18.0003,49.71,70.0,88.0,7.63
1459,shelburne,ca,44.0785,-80.2035,65.98,78.0,80.0,7.74
1463,pangody,ru,65.85,74.4859,61.2,74.0,44.0,19.71
1466,zhangye,cn,38.9365,100.4556,70.5,80.0,68.0,4.05
1469,rawson,ar,-43.2992,-65.1057,28.4,39.0,0.0,8.97
1475,quang ngai,vn,15.1167,108.8,86.13,81.0,36.0,2.82
1477,tanete,id,-3.9444,119.7848,75.67,100.0,88.0,6.17
1478,totness,sr,5.8833,-56.3167,79.0,100.0,92.0,11.65
1486,petropavlovsk-kamchatskiy,ru,53.0452,158.6483,52.34,88.0,36.0,1.92
1487,hirara,jp,24.8,125.2833,82.33,96.0,76.0,18.25
1493,riverton,us,43.025,-108.3799,65.25,55.0,44.0,5.73
1495,port moresby,pg,-9.4744,147.16,74.84,94.0,0.0,22.5
1497,florence,us,34.1984,-79.7672,89.46,36.0,8.0,10.42
1504,dzhebariki-khaya,ru,62.2167,135.8,68.5,55.0,92.0,2.15
1511,broken hill,au,-31.9651,141.4511,52.74,97.0,12.0,4.61
1524,nanakuli,us,21.3906,-158.1548,83.32,82.0,8.0,16.8
1531,semnan,ir,35.5836,53.3879,73.45,39.0,88.0,8.41
1539,seoul,kr,37.5667,126.9783,80.56,70.0,0.0,3.38
1545,arinos,br,-15.9173,-46.1062,57.29,58.0,20.0,5.61
1546,ferrol,es,43.4847,-8.2332,68.95,91.0,0.0,1.92
1547,kharp,ru,66.8152,65.8009,57.07,74.0,0.0,9.42
1550,beringovskiy,ru,63.05,179.3167,44.11,100.0,92.0,9.98
1557,santa josefa,ph,7.9911,126.03,85.32,90.0,8.0,3.6
1558,omboue,ga,-1.5747,9.2618,74.82,98.0,88.0,6.73
1561,pamanukan,id,-6.2842,107.821,81.57,100.0,8.0,9.19
1562,kautokeino,no,69.0125,23.0412,37.17,96.0,92.0,7.52
1564,emerald,au,-23.5264,148.1619,77.92,51.0,24.0,4.94
1567,wattegama,lk,7.3513,80.6826,69.55,97.0,80.0,4.16
1574,qasigiannguit,gl,68.8201,-51.1933,36.18,92.0,92.0,9.19
1578,novyy urgal,ru,51.0736,132.5642,68.41,79.0,8.0,9.75
1581,matagami,ca,49.7569,-77.6272,43.07,54.0,92.0,8.08
1583,sosva,ru,59.1739,61.8619,60.15,75.0,44.0,6.51
1590,damghan,ir,36.1675,54.338,66.38,46.0,48.0,4.16
1592,suamico,us,44.632,-88.0394,73.06,58.0,76.0,7.63
1604,egvekinot,ru,66.3167,-179.1667,47.89,71.0,56.0,5.61
1611,pokhara,np,28.2095,83.9914,59.79,67.0,20.0,3.83
1621,kharovsk,ru,59.9536,40.2068,60.71,59.0,64.0,9.64
1622,blagoyevo,ru,63.3667,47.9167,51.22,90.0,24.0,2.37
1625,poum,nc,-20.2334,164.0167,72.68,100.0,0.0,15.68
1627,prudentopolis,br,-25.2131,-50.9778,50.92,84.0,0.0,2.71
1629,owensboro,us,37.7742,-87.1134,79.97,74.0,8.0,5.95
1630,kjopsvik,no,68.097,16.3742,46.27,100.0,92.0,9.64
1633,jacobina,br,-11.1852,-40.5113,67.23,65.0,92.0,11.65
1635,port-cartier,ca,50.0257,-66.8819,67.5,66.0,88.0,14.0
1637,awjilah,ly,29.1403,21.2975,77.43,40.0,8.0,6.4
1645,caorle,it,45.5966,12.8758,60.89,97.0,0.0,2.59
1646,makat,kz,47.6469,53.3463,62.94,45.0,0.0,2.82
1653,balkanabat,tm,39.5089,54.3631,66.96,33.0,12.0,3.04
1657,bintulu,my,3.1667,113.0333,72.63,100.0,92.0,3.6
1659,la ronge,ca,55.1004,-105.3013,73.76,58.0,24.0,9.64
1660,manama,bh,26.2154,50.5832,89.06,88.0,0.0,19.6
1664,tezu,in,27.9254,96.1647,68.41,89.0,24.0,1.59
1665,nakamura,jp,35.1693,136.8662,72.9,95.0,44.0,4.05
1667,tateyama,jp,36.6634,137.3139,78.44,63.0,12.0,1.14
1670,kangaatsiaq,gl,68.3065,-53.4641,34.75,98.0,88.0,12.21
1672,sao gabriel da cachoeira,br,-0.1303,-67.0892,70.45,93.0,64.0,2.71
1678,santiago del estero,ar,-27.7952,-64.2615,56.1,39.0,12.0,15.01
1680,sol-iletsk,ru,51.1613,54.9964,54.77,68.0,0.0,5.17
1685,katherine,au,-14.4657,132.2631,65.37,39.0,0.0,9.19
1689,tomatlan,mx,19.9333,-105.25,84.09,51.0,32.0,4.72
1702,sangar,ru,63.9236,127.4668,63.52,80.0,92.0,3.27
1712,abu dhabi,ae,24.4748,54.3706,87.1,97.0,36.0,9.42
1719,belaya kholunitsa,ru,58.84,50.8528,64.98,80.0,92.0,2.82
1720,andenes,no,69.3143,16.1194,43.79,100.0,92.0,19.82
1732,horsham,au,-36.7149,142.2018,46.53,93.0,20.0,3.83
1736,sao joao da barra,br,-21.6403,-41.0512,72.37,96.0,0.0,18.03
1741,barreirinhas,br,-2.7542,-42.826,71.76,87.0,8.0,6.73
1744,santa barbara,mx,27.1208,-108.7207,90.5,32.0,0.0,2.71
1745,luancheng,cn,37.8792,114.6517,82.36,63.0,44.0,10.98
1748,cam ranh,vn,11.9167,109.1486,80.1,100.0,56.0,5.61
1750,tabou,ci,4.4194,-7.3604,78.53,100.0,88.0,8.97
1754,lamovita,ba,44.9244,16.9071,48.06,89.0,0.0,1.92
1758,mahajanga,mg,-15.7167,46.3167,71.42,100.0,0.0,10.2
1760,tome,cl,-36.6167,-72.95,52.36,100.0,0.0,17.58
1766,fort nelson,ca,58.8063,-122.694,81.82,27.0,20.0,4.16
1767,ayia marina,gr,37.75,23.5333,67.78,97.0,0.0,7.52
1769,toribio,co,2.9548,-76.2684,69.49,100.0,68.0,0.47
1770,bochil,mx,16.9961,-92.8918,83.71,86.0,44.0,1.59
1772,buraydah,sa,26.3317,43.9717,71.64,29.0,0.0,2.82
1777,mbandaka,cd,0.0471,18.2565,67.51,98.0,36.0,3.49
1779,zabol,ir,31.0278,61.4948,78.8,44.0,0.0,18.7
1782,mitsamiouli,km,-11.3848,43.2844,78.3,97.0,64.0,10.54
1787,vyshestebliyevskaya,ru,45.1956,36.9977,68.68,87.0,0.0,12.66
1788,yerbogachen,ru,61.2767,108.0108,78.21,70.0,0.0,3.71
1792,san felipe,ve,10.3395,-68.7418,65.93,76.0,8.0,1.92
1793,rosetown,ca,51.5548,-107.9913,73.65,50.0,44.0,10.98
1796,umm kaddadah,sd,13.6017,26.6876,75.38,57.0,56.0,7.52
1798,berlevag,no,70.8578,29.0864,43.05,96.0,68.0,13.22
1800,naryan-mar,ru,67.6713,53.087,51.1,86.0,0.0,4.61
1802,assiniboia,ca,49.6282,-105.9934,75.27,67.0,68.0,7.29
1804,bonavista,ca,48.6542,-53.1104,52.95,59.0,36.0,22.62
1805,yuncheng,cn,35.0276,111.0021,85.57,73.0,8.0,3.38
1806,namwala,zm,-15.7524,26.4476,48.18,93.0,0.0,6.73
1807,ichhawar,in,23.0283,77.0179,79.09,97.0,64.0,5.17
1809,hualmay,pe,-11.0968,-77.613,50.58,98.0,24.0,5.06
1810,dhidhdhoo,mv,6.8833,73.1,79.68,100.0,44.0,17.13
1814,pitanga,br,-24.7596,-51.7638,50.14,87.0,0.0,2.26
1818,san jose,ph,15.7917,120.9891,81.61,97.0,48.0,2.15
1819,lewisporte,ca,49.2463,-55.0594,66.74,48.0,64.0,18.37
1836,vila velha,br,-3.7125,-38.6045,81.1,96.0,0.0,20.49
1837,ust-nera,ru,64.5664,143.2378,59.67,58.0,88.0,2.71
1838,villamontes,bo,-21.2587,-63.4727,63.41,84.0,80.0,5.61
1839,darhan,mn,49.4867,105.9228,68.02,60.0,32.0,6.4
1842,ust-maya,ru,60.4164,134.5365,76.89,52.0,64.0,3.6
1852,maniitsoq,gl,65.4167,-52.9001,36.18,91.0,56.0,1.81
1854,oyama,jp,36.3146,139.7973,73.62,90.0,76.0,2.37
1859,narnaul,in,28.0438,76.1062,81.03,61.0,44.0,8.63
1872,barda,ru,56.9302,55.587,55.36,70.0,0.0,5.06
1884,makakilo city,us,21.3469,-158.0859,85.66,59.0,8.0,13.78
1886,torva,ee,58.0028,25.935,54.95,78.0,76.0,7.4
1891,aripuana,br,-9.1667,-60.6334,73.02,65.0,0.0,2.15
1900,xuddur,so,4.1213,43.8894,67.64,80.0,92.0,16.24
1906,klyuchi,ru,52.2549,79.1714,62.38,96.0,24.0,4.16
1908,amnat charoen,th,15.862,104.6327,72.91,99.0,92.0,6.4
1909,port said,eg,25.339,30.5528,83.16,27.0,0.0,10.2
1912,kudahuvadhoo,mv,2.6708,72.8944,82.42,100.0,68.0,6.96
1920,okha,ru,53.5905,142.9501,47.17,100.0,76.0,12.44
1922,aklavik,ca,68.2183,-135.0136,46.71,68.0,92.0,13.89
1923,placido de castro,br,-10.3353,-67.1856,73.36,66.0,12.0,2.48
1924,wajima,jp,37.4,136.9,74.98,82.0,0.0,9.75
1925,wukari,ng,7.8705,9.7776,69.37,100.0,88.0,4.05
1927,kulhudhuffushi,mv,6.6221,73.07,79.68,100.0,44.0,17.13
1934,bull savanna,jm,17.8868,-77.5903,76.21,83.0,56.0,5.95
1935,husavik,is,66.0449,-17.3389,56.26,87.0,20.0,2.71
1937,richards bay,za,-28.7745,32.0555,53.44,93.0,0.0,4.16
1941,shadegan,ir,30.6495,48.6697,83.1,24.0,0.0,11.88
1946,goure,ne,13.9835,10.2704,73.51,63.0,0.0,5.95
1951,moche,pe,-8.1715,-79.009,65.7,100.0,32.0,10.65
1955,luwuk,id,-0.9504,122.7886,77.86,100.0,36.0,4.16
1958,port hedland,au,-20.3112,118.5801,53.08,33.0,0.0,18.81
1961,caiaponia,br,-16.9567,-51.8103,62.76,42.0,8.0,6.06
1965,tual,id,-5.6667,132.75,80.06,100.0,56.0,15.46
1975,onalaska,us,43.8831,-91.2344,75.7,62.0,24.0,4.05
1982,shihezi,cn,44.3,86.0333,72.36,40.0,8.0,4.27
1986,freeport,us,42.2967,-89.6213,76.32,82.0,0.0,3.27
1987,basco,ph,20.4487,121.9702,84.24,100.0,68.0,10.42
1988,amambai,br,-23.1083,-55.2285,62.82,57.0,24.0,8.52
1989,saint-pierre,pm,46.7654,-56.1695,47.44,88.0,56.0,17.69
1993,yulara,au,-25.2411,130.9869,42.89,51.0,0.0,9.64
1995,itanhem,br,-17.1664,-40.3301,68.92,87.0,20.0,7.29
1996,luba,gq,3.4568,8.5547,77.25,100.0,100.0,5.39
1998,lingao,cn,19.9103,109.6859,84.54,93.0,48.0,5.84
